Workbook

Sheet 投稿記録
A1: 投稿記録｜1投稿1行で記入
A2: 凡例：薄黄色の列＝入力（青字）／白の列＝自動計算（黒字）。取得できない数値は空欄にせず「未計測」と入力。保存率・CTRは数値が入った行のみ計算されます。
A4: 週 | B4: 投稿日 | C4: 媒体 | D4: 形式 | E4: 枠（柱/サブ） | F4: テーマ・タイトル | G4: 切り口・CTA | H4: 閲覧数/再生数 | I4: リーチ | J4: 保存数 | K4: 保存率 | L4: プロフィール閲覧 | M4: 案内ページ流入 | N4: 予約ボタンクリック | O4: 予約確定数（当投稿起因） | P4: 制作時間（分） | Q4: 次に試す改善点 | R4: 確認状況
A5: 1 | B5: 2026-10-27 | C5: Instagram | D5: リール | E5: 柱3 | F5: 【例】毎回違うことを意識して練習していませんか？ | G5: 保存 | H5: 1250 | I5: 980 | J5: 42 | K5: =IF(AND(ISNUMBER(H5),ISNUMBER(J5),H5>0),J5/H5,"") -> 0.0336 | L5: 18 | M5: 未計測 | N5: 3 | O5: 0 | P5: 90 | Q5: 冒頭1秒の字幕を悩みの言葉に変える | R5: 堀コーチ確認済
K6: =IF(AND(ISNUMBER(H6),ISNUMBER(J6),H6>0),J6/H6,"")
K7: =IF(AND(ISNUMBER(H7),ISNUMBER(J7),H7>0),J7/H7,"")
K8: =IF(AND(ISNUMBER(H8),ISNUMBER(J8),H8>0),J8/H8,"")
K9: =IF(AND(ISNUMBER(H9),ISNUMBER(J9),H9>0),J9/H9,"")
K10: =IF(AND(ISNUMBER(H10),ISNUMBER(J10),H10>0),J10/H10,"")
K11: =IF(AND(ISNUMBER(H11),ISNUMBER(J11),H11>0),J11/H11,"")
K12: =IF(AND(ISNUMBER(H12),ISNUMBER(J12),H12>0),J12/H12,"")
K13: =IF(AND(ISNUMBER(H13),ISNUMBER(J13),H13>0),J13/H13,"")
K14: =IF(AND(ISNUMBER(H14),ISNUMBER(J14),H14>0),J14/H14,"")
K15: =IF(AND(ISNUMBER(H15),ISNUMBER(J15),H15>0),J15/H15,"")
K16: =IF(AND(ISNUMBER(H16),ISNUMBER(J16),H16>0),J16/H16,"")
K17: =IF(AND(ISNUMBER(H17),ISNUMBER(J17),H17>0),J17/H17,"")
... K64: =IF(AND(ISNUMBER(H64),ISNUMBER(J64),H64>0),J64/H64,"")

Sheet 週次サマリー
A1: 週次サマリー｜「投稿記録」から自動集計＋手入力の振り返り
A2: 集計は「投稿記録」の週番号（A列）で合計しています。予約・来店は時間差があるため、翌週以降に再確認して更新してください。少数の結果だけで結論を出さず、一度に変える点は1〜2つに絞ります。
A4: 週 | B4: テーマ | C4: 投稿数 | D4: 閲覧数合計 | E4: 保存数合計 | F4: プロフィール閲覧合計 | G4: 予約ボタンクリック合計 | H4: 予約確定合計（投稿起因） | I4: 予約確定合計（予約・来店シート） | J4: 来店人数 | K4: 続けること | L4: 変えること／次に試すこと
A5: 1 | B5: 練習しているのに上達しない。何から直せばよい？ | C5: =COUNTIFS(投稿記録!$A$5:$A$64,A5) -> 1 | D5: =SUMIFS(投稿記録!$H$5:$H$64,投稿記録!$A$5:$A$64,A5) -> 1250 | E5: =SUMIFS(投稿記録!$J$5:$J$64,投稿記録!$A$5:$A$64,A5) -> 42 | F5: =SUMIFS(投稿記録!$L$5:$L$64,投稿記録!$A$5:$A$64,A5) -> 18 | G5: =SUMIFS(投稿記録!$N$5:$N$64,投稿記録!$A$5:$A$64,A5) -> 3 | H5: =SUMIFS(投稿記録!$O$5:$O$64,投稿記録!$A$5:$A$64,A5) -> 0 | I5: =COUNTIFS(予約・来店!$A$5:$A$104,A5,予約・来店!$D$5:$D$104,"確定")+COUNTIFS(予約・来店!$A$5:$A$104,A5,予約・来店!$D$5:$D$104,"来店済") -> 1 | J5: =COUNTIFS(予約・来店!$A$5:$A$104,A5,予約・来店!$D$5:$D$104,"来店済") -> 0
A6: 2 | B6: スライスが続く。自分は何を確認すればよい？ | C6: =COUNTIFS(投稿記録!$A$5:$A$64,A6) -> 0 | D6: =SUMIFS(投稿記録!$H$5:$H$64,投稿記録!$A$5:$A$64,A6) -> 0 | E6: =SUMIFS(投稿記録!$J$5:$J$64,投稿記録!$A$5:$A$64,A6) -> 0 | F6: =SUMIFS(投稿記録!$L$5:$L$64,投稿記録!$A$5:$A$64,A6) -> 0 | G6: =SUMIFS(投稿記録!$N$5:$N$64,投稿記録!$A$5:$A$64,A6) -> 0 | H6: =SUMIFS(投稿記録!$O$5:$O$64,投稿記録!$A$5:$A$64,A6) -> 0 | I6: =COUNTIFS(予約・来店!$A$5:$A$104,A6,予約・来店!$D$5:$D$104,"確定")+COUNTIFS(予約・来店!$A$5:$A$104,A6,予約・来店!$D$5:$D$104,"来店済") -> 0 | J6: =COUNTIFS(予約・来店!$A$5:$A$104,A6,予約・来店!$D$5:$D$104,"来店済") -> 0
A7: 3 | B7: 練習場では打てるのに、コースで崩れる | C7: =COUNTIFS(投稿記録!$A$5:$A$64,A7) -> 0 | D7: =SUMIFS(投稿記録!$H$5:$H$64,投稿記録!$A$5:$A$64,A7) -> 0 | E7: =SUMIFS(投稿記録!$J$5:$J$64,投稿記録!$A$5:$A$64,A7) -> 0 | F7: =SUMIFS(投稿記録!$L$5:$L$64,投稿記録!$A$5:$A$64,A7) -> 0 | G7: =SUMIFS(投稿記録!$N$5:$N$64,投稿記録!$A$5:$A$64,A7) -> 0 | H7: =SUMIFS(投稿記録!$O$5:$O$64,投稿記録!$A$5:$A$64,A7) -> 0 | I7: =COUNTIFS(予約・来店!$A$5:$A$104,A7,予約・来店!$D$5:$D$104,"確定")+COUNTIFS(予約・来店!$A$5:$A$104,A7,予約・来店!$D$5:$D$104,"来店済") -> 0 | J7: =COUNTIFS(予約・来店!$A$5:$A$104,A7,予約・来店!$D$5:$D$104,"来店済") -> 0
A8: 4 | B8: 初回スイングdockで、何を相談できる？ | C8: =COUNTIFS(投稿記録!$A$5:$A$64,A8) -> 0 | D8: =SUMIFS(投稿記録!$H$5:$H$64,投稿記録!$A$5:$A$64,A8) -> 0 | E8: =SUMIFS(投稿記録!$J$5:$J$64,投稿記録!$A$5:$A$64,A8) -> 0 | F8: =SUMIFS(投稿記録!$L$5:$L$64,投稿記録!$A$5:$A$64,A8) -> 0 | G8: =SUMIFS(投稿記録!$N$5:$N$64,投稿記録!$A$5:$A$64,A8) -> 0 | H8: =SUMIFS(投稿記録!$O$5:$O$64,投稿記録!$A$5:$A$64,A8) -> 0 | I8: =COUNTIFS(予約・来店!$A$5:$A$104,A8,予約・来店!$D$5:$D$104,"確定")+COUNTIFS(予約・来店!$A$5:$A$104,A8,予約・来店!$D$5:$D$104,"来店済") -> 0 | J8: =COUNTIFS(予約・来店!$A$5:$A$104,A8,予約・来店!$D$5:$D$104,"来店済") -> 0
A9: 5 | C9: =COUNTIFS(投稿記録!$A$5:$A$64,A9) -> 0 | D9: =SUMIFS(投稿記録!$H$5:$H$64,投稿記録!$A$5:$A$64,A9) -> 0 | E9: =SUMIFS(投稿記録!$J$5:$J$64,投稿記録!$A$5:$A$64,A9) -> 0 | F9: =SUMIFS(投稿記録!$L$5:$L$64,投稿記録!$A$5:$A$64,A9) -> 0 | G9: =SUMIFS(投稿記録!$N$5:$N$64,投稿記録!$A$5:$A$64,A9) -> 0 | H9: =SUMIFS(投稿記録!$O$5:$O$64,投稿記録!$A$5:$A$64,A9) -> 0 | I9: =COUNTIFS(予約・来店!$A$5:$A$104,A9,予約・来店!$D$5:$D$104,"確定")+COUNTIFS(予約・来店!$A$5:$A$104,A9,予約・来店!$D$5:$D$104,"来店済") -> 0 | J9: =COUNTIFS(予約・来店!$A$5:$A$104,A9,予約・来店!$D$5:$D$104,"来店済") -> 0
A10: 6 | C10: =COUNTIFS(投稿記録!$A$5:$A$64,A10) -> 0 | D10: =SUMIFS(投稿記録!$H$5:$H$64,投稿記録!$A$5:$A$64,A10) -> 0 | E10: =SUMIFS(投稿記録!$J$5:$J$64,投稿記録!$A$5:$A$64,A10) -> 0 | F10: =SUMIFS(投稿記録!$L$5:$L$64,投稿記録!$A$5:$A$64,A10) -> 0 | G10: =SUMIFS(投稿記録!$N$5:$N$64,投稿記録!$A$5:$A$64,A10) -> 0 | H10: =SUMIFS(投稿記録!$O$5:$O$64,投稿記録!$A$5:$A$64,A10) -> 0 | I10: =COUNTIFS(予約・来店!$A$5:$A$104,A10,予約・来店!$D$5:$D$104,"確定")+COUNTIFS(予約・来店!$A$5:$A$104,A10,予約・来店!$D$5:$D$104,"来店済") -> 0 | J10: =COUNTIFS(予約・来店!$A$5:$A$104,A10,予約・来店!$D$5:$D$104,"来店済") -> 0
A11: 7 | C11: =COUNTIFS(投稿記録!$A$5:$A$64,A11) -> 0 | D11: =SUMIFS(投稿記録!$H$5:$H$64,投稿記録!$A$5:$A$64,A11) -> 0 | E11: =SUMIFS(投稿記録!$J$5:$J$64,投稿記録!$A$5:$A$64,A11) -> 0 | F11: =SUMIFS(投稿記録!$L$5:$L$64,投稿記録!$A$5:$A$64,A11) -> 0 | G11: =SUMIFS(投稿記録!$N$5:$N$64,投稿記録!$A$5:$A$64,A11) -> 0 | H11: =SUMIFS(投稿記録!$O$5:$O$64,投稿記録!$A$5:$A$64,A11) -> 0 | I11: =COUNTIFS(予約・来店!$A$5:$A$104,A11,予約・来店!$D$5:$D$104,"確定")+COUNTIFS(予約・来店!$A$5:$A$104,A11,予約・来店!$D$5:$D$104,"来店済") -> 0 | J11: =COUNTIFS(予約・来店!$A$5:$A$104,A11,予約・来店!$D$5:$D$104,"来店済") -> 0
A12: 8 | C12: =COUNTIFS(投稿記録!$A$5:$A$64,A12) -> 0 | D12: =SUMIFS(投稿記録!$H$5:$H$64,投稿記録!$A$5:$A$64,A12) -> 0 | E12: =SUMIFS(投稿記録!$J$5:$J$64,投稿記録!$A$5:$A$64,A12) -> 0 | F12: =SUMIFS(投稿記録!$L$5:$L$64,投稿記録!$A$5:$A$64,A12) -> 0 | G12: =SUMIFS(投稿記録!$N$5:$N$64,投稿記録!$A$5:$A$64,A12) -> 0 | H12: =SUMIFS(投稿記録!$O$5:$O$64,投稿記録!$A$5:$A$64,A12) -> 0 | I12: =COUNTIFS(予約・来店!$A$5:$A$104,A12,予約・来店!$D$5:$D$104,"確定")+COUNTIFS(予約・来店!$A$5:$A$104,A12,予約・来店!$D$5:$D$104,"来店済") -> 0 | J12: =COUNTIFS(予約・来店!$A$5:$A$104,A12,予約・来店!$D$5:$D$104,"来店済") -> 0
A14: ※ H列は投稿記録に「この投稿が起因」と判断できた件数、I列は予約・来店シートの実件数。両者は一致しなくてよい（きっかけが特定できない予約があるため）。

Sheet 予約・来店
A1: 予約・来店記録｜初回スイングdockの予約1件1行（個人名は書かない。イニシャルや受付番号で）
A2: 来店時に「最初に知ったきっかけ」「予約の決め手」を聞いて記入。状態は 確定／キャンセル／来店済 のいずれか。継続は回数券購入時に更新。
A4: 予約が入った週 | B4: 予約日 | C4: 来店予定日 | D4: 状態 | E4: 予約経路（Web/電話） | F4: 最初に知ったきっかけ（媒体） | G4: 決め手になった投稿・内容 | H4: 回数券購入（プラン） | I4: 継続（はい/いいえ） | J4: メモ
A5: 1 | B5: 2026-10-30 | C5: 2026-11-05 | D5: 確定 | E5: Web | F5: Instagram | G5: リール「初回スイングdockで何を確認するの？」 | J5: 【例】
